function;numberOfEmployees;minSalary;maxSalary;averageSalary
accountant;1;2754.27;2754.27;2754.27
developper;6;2550.25;2958.29;2708.37
director;1;2448.2400000000002;2448.2400000000002;2448.24
manager;2;2448.2400000000002;3468.34;2958.29
sales agent;2;2244.22;2856.28;2550.25
worker;6;2121.808;2417.6369999999997;2271.42
